Category,Product,Model,Storage,RAM,Display,Processor,Camera,Price,Additional Features,,Links,rating,Recommended For
Smartphone,iPhone 15 Pro Max,2023,256GB,8GB,"6.7"" Super Retina XDR",A17 Pro,48MP main + 12MP ultra-wide + 12MP telephoto,"$1,199.00 ",Titanium frame ProMotion display,,https://www.walmart.com/ip/AT-T-Apple-iPhone-15-Pro-Max-256GB-Natural-Titanium/5054919388?from=/search,4.9,Power users and photography enthusiasts
Smartphone,iPhone 15 Plus,2023,128GB,6GB,"6.7"" Super Retina XDR",A16 Bionic,48MP main + 12MP ultra-wide,$899.00 ,Dynamic Island USB-C,,https://www.walmart.com/ip/AT-T-Apple-iPhone-15-Plus-128GB-Black/5053964846?from=/search,4.7,Users who want a large screen without pro features
Smartphone,iPhone 15,2023,128GB,6GB,"6.1"" Super Retina XDR",A16 Bionic,48MP main + 12MP ultra-wide,$799.00 ,Dynamic Island USB-C,,https://www.walmart.com/ip/AT-T-Apple-iPhone-15-128GB-Black/5034041386?from=/search,4.3,Mainstream users looking for a balance of features and price
Smartphone,iPhone 15 Pro,2023,128GB,8GB,"6.1"" Super Retina XDR",A17 Pro,48MP main + 12MP ultra-wide + 12MP telephoto,$999.00 ,Titanium frame ProMotion display,,https://www.walmart.com/ip/Straight-Talk-Apple-iPhone-15-Pro-128GB-White-Prepaid-Smartphone/5059021252?from=/search,4.7,Professionals and tech enthusiasts who prefer a compact device
Smartphone,iPhone 14 Pro Max,2022,128GB,6GB,"6.7"" Super Retina XDR",A16 Bionic,48MP main + 12MP ultra-wide + 12MP telephoto,$999.00 ,Dynamic Island Always-On display,,https://www.walmart.com/ip/AT-T-Apple-iPhone-14-Pro-Max-128GB-Space-Black/1766077068?from=/search,4.6,Power users who want last year's top model at a lower price
Smartphone,iPhone 14 Pro,2022,128GB,6GB,"6.1"" Super Retina XDR",A16 Bionic,48MP main + 12MP ultra-wide + 12MP telephoto,$899.00 ,Dynamic Island Always-On display,,https://www.walmart.com/ip/Verizon-Apple-iPhone-14-Pro-256GB-Gold/1041203268?from=/search,4.5,Users who want pro features in a more compact size
Smartphone,iPhone 14 Plus,2022,128GB,6GB,"6.7"" Super Retina XDR",A15 Bionic,Dual 12MP,$799.00 ,Emergency SOS via satellite,,https://www.walmart.com/ip/Restored-Apple-iPhone-14-Plus-Carrier-Unlocked-128GB-Yellow-Refurbished/3111433728?athbdg=L1600&from=/search,4,Users who want a large screen without pro features at a lower price
Smartphone,iPhone 14,2022,128GB,6GB,"6.1"" Super Retina XDR",A15 Bionic,Dual 12MP,$699.00 ,Emergency SOS via satellite,,https://www.walmart.com/ip/AT-T-Apple-iPhone-14-128GB-Midnight/1756765288?from=/search,4.2,Budget-conscious users who still want recent features
Smartphone,iPhone 13,2021,128GB,4GB,"6.1"" Super Retina XDR",Apple A15 Bionic,Dual 12MP,$599.00 ,5G Ceramic Shield front,,https://www.walmart.com/ip/Straight-Talk-Apple-iPhone-13-128GB-Starlight-Prepaid-Smartphone-Locked-to-Straight-Talk/103784390?from=/search,4.3,Users looking for a reliable phone at a mid-range price
Smartphone,iPhone 13 mini,2021,128GB,4GB,"5.4"" Super Retina XDR",Apple A15 Bionic,Dual 12MP,$599.00 ,5G Ceramic Shield front,,https://www.walmart.com/ip/Restored-Apple-iPhone-13-Mini-Carrier-Unlocked-128GB-Blue-Refurbished/558978516,4.5,Users who prefer very compact smartphones
Smartphone,iPhone 12,2020,64GB,4GB,"6.1"" Super Retina XDR",A14 Bionic,Dual 12MP,$599.00 ,5G MagSafe,,https://www.walmart.com/ip/Pre-Owned-Apple-iPhone-12-Carrier-Unlocked-64GB-Blue-Refurbished-Good/1544659379?athbdg=L1600&from=/search,4.5,Budget-conscious users who don't need the latest features
Smartphone,iPhone SE,3rd Gen 2022,64GB,4GB,"4.7"" Retina HD",A15 Bionic,12MP,$429.00 ,5G Touch ID,,https://www.walmart.com/ip/Total-by-Verizon-Apple-iPhone-SE-2022-3rd-Gen-5G-64GB-Starlight-Prepaid-Smartphone-Locked-to-Total-by-Verizon/1284560826?from=/search,5,Users who prefer a classic design with modern internals
Tablet,iPad Pro,2022,128GB,8GB,"11"" or 12.9"" Liquid Retina XDR",M2,12MP Wide + 10MP Ultra Wide,$799.00 ,Thunderbolt / USB 4 Apple Pencil 2 support,,https://www.walmart.com/ip/Apple-11-inch-iPad-Pro-Wi-Fi-Tablet-256-GB-11-Tandem-OLED-2420-x-1668-space-black/5577276684?athbdg=L1600&from=/search,5,Professional artists digital creators and power users
Tablet,iPad Air,5th Gen 2022,64GB,8GB,"10.9"" Liquid Retina",M1,12MP Wide,$599.00 ,Touch ID 5G support (cellular model),,https://www.walmart.com/ip/2022-Apple-10-9-inch-iPad-Air-Wi-Fi-256GB-Blue-5th-Generation/999076414?from=/search,4.7,Students and professionals who need performance but not pro-level features
Tablet,iPad,10th Gen 2022,64GB,4GB,"10.9"" Liquid Retina",A14 Bionic,12MP back 12MP Ultra Wide front,$449.00 ,Touch ID Wi-Fi 6 USB-C connector,,https://www.walmart.com/ip/2021-Apple-10-2-inch-iPad-Wi-Fi-64GB-Space-Gray-9th-Generation/483978365?athbdg=L1200&from=/search,4.9,Casual users for web browsing media consumption and light productivity
Tablet,iPad mini,6th Gen 2021,64GB,4GB,"8.3"" Liquid Retina",A15 Bionic,12MP Wide,$499.00 ,Touch ID 5G support (cellular model),,https://www.walmart.com/ip/2021-Apple-iPad-Mini-Wi-Fi-64GB-Space-Gray-6th-Generation/168720858?athbdg=L1103&from=/search,4.8,Users who need a compact and portable tablet for reading and light tasks
Tablet,iPad,9th Gen 2021,64GB,3GB,"10.2"" Retina",A13 Bionic,8MP back 12MP Ultra Wide front,$329.00 ,10-hour battery life,,https://www.walmart.com/ip/Restored-2022-Apple-iPad-Wi-Fi-64-GB-Silver-10th-Generation-Refurbished/1400902004?from=/search,4.8,Budget-conscious users and students for basic tasks and education
Laptop,MacBook Pro,"16"" 2023",512GB SSD,16GB,"16.2"" Liquid Retina XDR",M2 Pro or M2 Max,1080p FaceTime HD,"$2,499.00 ",Up to 22-hour battery life,,https://www.walmart.com/ip/Apple-Macbook-Pro-16-DG-Space-Gray-TB-2-3Ghz-8-Core-i9-2019-Laptop-256GB-HD-16GB-RAM-Mac-OS-Refurbished/995983235?from=/search,4.4,Professional video editors 3D artists and software developers
Laptop,MacBook Pro,"14"" 2023",512GB SSD,16GB,"14.2"" Liquid Retina XDR",M2 Pro or M2 Max,1080p FaceTime HD,"$1,999.00 ",Up to 18-hour battery life,,https://www.walmart.com/ip/14-MacBook-Pro-Apple-M3-Pro-chip-with-11-core-CPU-and-14-core-GPU-512GB-SSD-Space-Black/5130183764?from=/search,4.6,Professional users who need power in a more portable form factor
Laptop,MacBook Air,"15"" 2023",256GB SSD,8GB,"15.3"" Liquid Retina",M2,1080p FaceTime HD,"$1,299.00 ",18-hour battery life MagSafe charging,,https://www.walmart.com/ip/2023-Apple-15-Inch-MacBook-Air-Laptop-Apple-M2-Chip-with-8-core-CPU-and-10-core-GPU-8GB-RAM-256GB-SSD-Storage-Starlight/1538672802?from=/search,4.5,Users who want a large screen for productivity and media consumption
Laptop,MacBook Air,"13"" M2 2022",256GB SSD,8GB,"13.6"" Liquid Retina",M2,1080p FaceTime HD,"$1,099.00 ",18-hour battery life MagSafe charging,,https://www.walmart.com/ip/2022-Apple-MacBook-Pro-Laptop-M2-chip-13-inch-Retina-Display-8GB-RAM-512GB-SSD-Storage-Touch-Bar-Backlit-Keyboard-FaceTime-HD-Camera-Works-iPhone-iPa/1311199851?from=/search,4.5,Students and professionals who need portability and good performance
Laptop,MacBook Air,"13.3"" M1 2020",256GB SSD,8GB,"13.3"" Retina",M1,720p FaceTime HD,$999.00 ,18-hour battery life 2.8 lbs,,https://www.walmart.com/ip/Apple-MacBook-Air-with-Apple-M1-Chip-13-inch-8GB-RAM-512GB-SSD-Storage-Space-Gray-Latest-Model/112690337?from=/search,4.5,Budget-conscious users who want a lightweight portable laptop
Desktop,iMac,"24"" 2021",256GB SSD,8GB,"24"" 4.5K Retina",M1,1080p FaceTime HD,"$1,299.00 ",7 color options Two Thunderbolt / USB 4 ports,,https://www.walmart.com/ip/CTO-Mac-Studio-Apple-M2-Max-with-12-core-CPU-30-core-GPU-32GB-1TB-SSD/5634851341?from=/search,4.6,Home users and small offices looking for an all-in-one solution
Desktop,Mac mini,2023,256GB SSD,8GB,Not applicable,M2,Not applicable,$599.00 ,Wi-Fi 6E Thunderbolt 4,,https://www.walmart.com/ip/Restored-2021-Apple-iMac-with-Apple-M1-chip-24-inch-8GB-RAM-256GB-Pink/3956019713?athbdg=L1600&from=/search,4.4,Users who need a compact desktop solution or a home server
Desktop,Mac Studio,2022,512GB SSD,32GB,Not applicable,M1 Max or M1 Ultra,Not applicable,"$1,999.00 ",Up to 8K display support,,https://www.walmart.com/ip/CTO-Mac-Studio-Apple-M2-Max-with-12-core-CPU-30-core-GPU-32GB-1TB-SSD/5634851341?from=/search,4.6,Professional creators who need high performance in a compact form factor
Desktop,Mac Pro,2023,512GB SSD,64GB,Not applicable,M2 Ultra,Not applicable,"$6,999.00 ",Modular design PCI expansion,,https://www.walmart.com/ip/16-MacBook-Pro-Apple-M3-Pro-chip-with-12-core-CPU-and-18-core-GPU-36GB-512GB-SSD-Silver/5166514344?athbdg=L1600&from=/search,4.5,Enterprise users and studios requiring maximum performance and expandability
Smartwatch,Apple Watch Series 9,2023,Not applicable,Not applicable,41mm or 45mm,S9 SiP,Not applicable,$399.00 ,Always-On Retina display Blood oxygen sensor ECG,,https://www.walmart.com/ip/Apple-Watch-Series-9-With-Blood-Oxygen-GPS-41mm-Midnight-Aluminum-Case-with-Midnight-Sport-Band-S-M/5032897977?athbdg=L1300,4.5,Fitness enthusiasts and health-conscious users
Smartwatch,Apple Watch Ultra 2,2023,Not applicable,Not applicable,49mm,S9 SiP,Not applicable,$799.00 ,Titanium case 36-hour battery life Customizable Action button,,https://www.walmart.com/ip/Restored-Apple-Watch-Ultra-2-GPS-Cellular-49mm-Titanium-Case-with-White-Ocean-Band-Refurbished-Like-New/5418613558?athbdg=L1600&from=/search,4.5,Outdoor adventurers and extreme sports enthusiasts
Smartwatch,Apple Watch SE,2nd Gen 2022,Not applicable,Not applicable,40mm or 44mm,S8 SiP,Not applicable,$249.00 ,GPS fitness & sleep tracker crash detection heart rate monitor,,https://www.walmart.com/ip/Apple-Watch-SE-2nd-Gen-GPS-44mm-Midnight-Aluminum-Case-with-Midnight-Sport-Loop-Fitness-Sleep-Tracker-Crash-Detection-Heart-Rate-Monitor/5053502759?athbdg=L1103&from=/search,4.6,Budget-conscious users who want basic smartwatch features
Earbuds,AirPods Pro,2nd Gen 2022,Not applicable,Not applicable,Not applicable,H2 chip,Not applicable,$249.00 ,Active Noise Cancellation Adaptive Audio Transparency mode,,https://www.walmart.com/ip/Restored-Apple-AirPods-Pro-White-with-Magsafe-Charging-Case-In-Ear-Headphones-MLWK3AM-A-Refurbished/233852619?athbdg=,4.2,
Accessory,Apple Pencil,2nd Gen,Not applicable,Not applicable,Not applicable,Not applicable,Not applicable,$129.00 ,Wireless pairing and charging,,https://www.walmart.com/ip/Apple-Pencil-2nd-Generation-Pixel-Perfect-Precision-Industry-Leading-Low-Latency-Perfect-Note-Taking-Drawing-Signing-documents-Attaches-Charges-Pairs/949679706?athbdg=L1103&from=/search,4.6,
Accessory,Apple Pencil,1st Gen,Not applicable,Not applicable,Not applicable,Not applicable,Not applicable,$99.00 ,Lightning connector for charging,,https://www.walmart.com/ip/Apple-Pencil-1st-Generation-Pixel-Perfect-Precision-and-Industry-Leading-Low-Latency-Perfect-for-Note-Taking-Drawing-and-Signing-documents/1883250003?athbdg=L1200&from=/search,4.4,
Accessory,Magic Keyboard,For iPad Pro/Air,Not applicable,Not applicable,Not applicable,Not applicable,Not applicable,$299.00 ,Floating cantilever design Backlit keys Trackpad,,https://www.walmart.com/ip/Apple-Magic-Keyboard-US-English/347629373?athbdg=L1600&from=/search,4.6,
Accessory,Smart Keyboard Folio,For iPad Pro/Air,Not applicable,Not applicable,Not applicable,Not applicable,Not applicable,$179.00 ,Slim folding design Protection for front and back,,https://www.walmart.com/ip/Apple-Smart-Keyboard-Folio-for-iPad-Pro-12-9-inch-6th-generation-in-Black/917346712?from=/search,4.5,
Accessory,MagSafe Charger,Not applicable,Not applicable,Not applicable,Not applicable,Not applicable,Not applicable,$39.00 ,Wireless charging for iPhone 12 and later,,https://www.walmart.com/ip/Apple-MagSafe-Charger-for-iPhone-and-Airpods/233730734?athbdg=L1200&from=/search,4.5,
Accessory,AirTag,Not applicable,Not applicable,Not applicable,Not applicable,Not applicable,Not applicable,$29.00 ,Precision finding with U1 chip,,https://www.walmart.com/ip/Apple-AirTag-4-Pack/408992127?athbdg=L1600&from=/search,4.5,
Accessory,HomePod,2nd Gen 2023,Not applicable,Not applicable,Not applicable,S7 chip,Not applicable,$299.00 ,High-fidelity audio Spatial Audio support,,https://www.walmart.com/ip/Apple-HomePod-2nd-Generation-White/2608995260,4.6,
Accessory,HomePod mini,2020,Not applicable,Not applicable,Not applicable,S5 chip,Not applicable,$99.00 ,Compact design Siri integration,,https://www.walmart.com/ip/HomePod-mini-Space-Gray/810746961,4.4,
TV,Apple TV 4K,3rd Gen 2022,64GB,Not applicable,Not applicable,A15 Bionic,Not applicable,$129.00 ,4K HDR with Dolby Vision Siri Remote,,https://www.walmart.com/ip/Apple-TV-4K-64GB-3rd-gen-Wi-Fi-MN873LL-A-2022/1529556266?athbdg=L1200,4.6,